name,domain,subdomain,action,variant
accessibility.alert.announce,accessibility,alert,announce,
accessibility.alert.dismiss,accessibility,alert,dismiss,
accessibility.aria.label,accessibility,aria,label,
accessibility.aria.live,accessibility,aria,live,
accessibility.aria.role,accessibility,aria,role,
accessibility.contrast.check,accessibility,contrast,check,
accessibility.focus.lock,accessibility,focus,lock,
accessibility.focus.trap,accessibility,focus,trap,
accessibility.keyboard.navigation,accessibility,keyboard,navigation,
accessibility.keyboard.shortcut,accessibility,keyboard,shortcut,
accessibility.landmark.add,accessibility,landmark,add,
accessibility.navigation.enhance,accessibility,navigation,enhance,
accessibility.reader.optimize,accessibility,reader,optimize,
accessibility.screen.reader,accessibility,screen,reader,
accessibility.skip.link,accessibility,skip,link,
accessibility.tab.order,accessibility,tab,order,
accessibility.tree.optimize,accessibility,tree,optimize,
accessibility.voice.commands,accessibility,voice,commands,
analytics.attribution.track,analytics,attribution,track,
analytics.behavior.flow,analytics,behavior,flow,
analytics.cohort.analyze,analytics,cohort,analyze,
analytics.conversion.funnel,analytics,conversion,funnel,
analytics.custom.dimension,analytics,custom,dimension,
analytics.event.track,analytics,event,track,
analytics.funnel.visualization,analytics,funnel,visualization,
analytics.goal.tracking,analytics,goal,tracking,
analytics.heatmap.generate,analytics,heatmap,generate,
analytics.metrics.collect,analytics,metrics,collect,
analytics.metrics.report,analytics,metrics,report,
analytics.page.view,analytics,page,view,
analytics.realtime.dashboard,analytics,realtime,dashboard,
analytics.retention.calculate,analytics,retention,calculate,
analytics.session.end,analytics,session,end,
analytics.session.start,analytics,session,start,
analytics.user.identify,analytics,user,identify,
analytics.user.track,analytics,user,track,
animation.3d.transform,animation,3d,transform,
animation.bezier.curve,animation,bezier,curve,
animation.canvas.render,animation,canvas,render,
animation.chain.sequence,animation,chain,sequence,
animation.css.keyframe,animation,css,keyframe,
animation.easing.function,animation,easing,function,
animation.framer.motion,animation,framer,motion,
animation.loop.infinite,animation,loop,infinite,
animation.lottie.player,animation,lottie,player,
animation.particle.system,animation,particle,system,
animation.pause.resume,animation,pause,resume,
animation.physics.engine,animation,physics,engine,
animation.scroll.trigger,animation,scroll,trigger,
animation.spring.physics,animation,spring,physics,
animation.sprite.sheet,animation,sprite,sheet,
animation.svg.morph,animation,svg,morph,
animation.timeline.control,animation,timeline,control,
animation.transition.fade,animation,transition,fade,
animation.transition.slide,animation,transition,slide,
animation.webgl.render,animation,webgl,render,
api.batch.request,api,batch,request,
api.cache.invalidate,api,cache,invalidate,
api.cache.set,api,cache,set,
api.circuit.breaker,api,circuit,breaker,
api.documentation.generate,api,documentation,generate,
api.endpoint.register,api,endpoint,register,
api.gateway.proxy,api,gateway,proxy,
api.graphql.mutation,api,graphql,mutation,
api.graphql.query,api,graphql,query,
api.graphql.resolver,api,graphql,resolver,
api.graphql.subscription,api,graphql,subscription,
api.http.delete,api,http,delete,
api.http.get,api,http,get,
api.http.handlers,api,http,handlers,
api.http.patch,api,http,patch,
api.http.post,api,http,post,
api.http.put,api,http,put,
api.load.balancer,api,load,balancer,
api.middleware.apply,api,middleware,apply,
api.mock.server,api,mock,server,
api.pagination.cursor,api,pagination,cursor,
api.rate.limit,api,rate,limit,
api.rest.controller,api,rest,controller,
api.rest.crud,api,rest,crud,
api.schema.validation,api,schema,validation,
api.service.mesh,api,service,mesh,
api.version.manage,api,version,manage,
api.webhook.receive,api,webhook,receive,
api.webhook.send,api,webhook,send,
api.websocket.connect,api,websocket,connect,
audio.placeholder.op001,audio,placeholder,op001,
audio.placeholder.op002,audio,placeholder,op002,
audio.placeholder.op003,audio,placeholder,op003,
audio.placeholder.op004,audio,placeholder,op004,
audio.placeholder.op005,audio,placeholder,op005,
audio.placeholder.op006,audio,placeholder,op006,
audio.placeholder.op007,audio,placeholder,op007,
audio.placeholder.op008,audio,placeholder,op008,
audio.placeholder.op009,audio,placeholder,op009,
audio.placeholder.op010,audio,placeholder,op010,
audio.placeholder.op011,audio,placeholder,op011,
audio.placeholder.op012,audio,placeholder,op012,
audio.placeholder.op013,audio,placeholder,op013,
audio.placeholder.op014,audio,placeholder,op014,
audio.placeholder.op015,audio,placeholder,op015,
audio.placeholder.op016,audio,placeholder,op016,
audio.placeholder.op017,audio,placeholder,op017,
audio.placeholder.op018,audio,placeholder,op018,
audio.placeholder.op019,audio,placeholder,op019,
audio.placeholder.op020,audio,placeholder,op020,
audio.placeholder.op021,audio,placeholder,op021,
audio.placeholder.op022,audio,placeholder,op022,
audio.placeholder.op023,audio,placeholder,op023,
audio.placeholder.op024,audio,placeholder,op024,
audio.placeholder.op025,audio,placeholder,op025,
audio.placeholder.op026,audio,placeholder,op026,
audio.placeholder.op027,audio,placeholder,op027,
audio.placeholder.op028,audio,placeholder,op028,
audio.placeholder.op029,audio,placeholder,op029,
audio.placeholder.op030,audio,placeholder,op030,
audio.placeholder.op031,audio,placeholder,op031,
audio.placeholder.op032,audio,placeholder,op032,
audio.placeholder.op033,audio,placeholder,op033,
audio.placeholder.op034,audio,placeholder,op034,
audio.placeholder.op035,audio,placeholder,op035,
audio.placeholder.op036,audio,placeholder,op036,
audio.placeholder.op037,audio,placeholder,op037,
audio.placeholder.op038,audio,placeholder,op038,
audio.placeholder.op039,audio,placeholder,op039,
audio.placeholder.op040,audio,placeholder,op040,
audio.placeholder.op041,audio,placeholder,op041,
audio.placeholder.op042,audio,placeholder,op042,
audio.placeholder.op043,audio,placeholder,op043,
audio.placeholder.op044,audio,placeholder,op044,
audio.placeholder.op045,audio,placeholder,op045,
audio.placeholder.op046,audio,placeholder,op046,
audio.placeholder.op047,audio,placeholder,op047,
audio.placeholder.op048,audio,placeholder,op048,
audio.placeholder.op049,audio,placeholder,op049,
audio.placeholder.op050,audio,placeholder,op050,
audio.placeholder.op051,audio,placeholder,op051,
audio.placeholder.op052,audio,placeholder,op052,
audio.placeholder.op053,audio,placeholder,op053,
audio.placeholder.op054,audio,placeholder,op054,
audio.placeholder.op055,audio,placeholder,op055,
audio.placeholder.op056,audio,placeholder,op056,
audio.placeholder.op057,audio,placeholder,op057,
audio.placeholder.op058,audio,placeholder,op058,
audio.placeholder.op059,audio,placeholder,op059,
audio.placeholder.op060,audio,placeholder,op060,
audio.placeholder.op061,audio,placeholder,op061,
audio.placeholder.op062,audio,placeholder,op062,
audio.placeholder.op063,audio,placeholder,op063,
audio.placeholder.op064,audio,placeholder,op064,
audio.placeholder.op065,audio,placeholder,op065,
audio.placeholder.op066,audio,placeholder,op066,
audio.placeholder.op067,audio,placeholder,op067,
audio.placeholder.op068,audio,placeholder,op068,
audio.placeholder.op069,audio,placeholder,op069,
audio.placeholder.op070,audio,placeholder,op070,
audio.placeholder.op071,audio,placeholder,op071,
audio.placeholder.op072,audio,placeholder,op072,
audio.placeholder.op073,audio,placeholder,op073,
audio.placeholder.op074,audio,placeholder,op074,
audio.placeholder.op075,audio,placeholder,op075,
audio.placeholder.op076,audio,placeholder,op076,
audio.placeholder.op077,audio,placeholder,op077,
audio.placeholder.op078,audio,placeholder,op078,
audio.placeholder.op079,audio,placeholder,op079,
audio.placeholder.op080,audio,placeholder,op080,
audio.placeholder.op081,audio,placeholder,op081,
audio.placeholder.op082,audio,placeholder,op082,
audio.placeholder.op083,audio,placeholder,op083,
audio.placeholder.op084,audio,placeholder,op084,
audio.placeholder.op085,audio,placeholder,op085,
audio.placeholder.op086,audio,placeholder,op086,
audio.placeholder.op087,audio,placeholder,op087,
audio.placeholder.op088,audio,placeholder,op088,
audio.placeholder.op089,audio,placeholder,op089,
audio.placeholder.op090,audio,placeholder,op090,
auth.2fa.enable,auth,2fa,enable,
auth.2fa.verify,auth,2fa,verify,
auth.biometric.verify,auth,biometric,verify,
auth.device.trust,auth,device,trust,
auth.jwt.decode,auth,jwt,decode,
auth.jwt.sign,auth,jwt,sign,
auth.jwt.verify,auth,jwt,verify,
auth.magic.link,auth,magic,link,
auth.mfa.enforce,auth,mfa,enforce,
auth.oauth.callback,auth,oauth,callback,
auth.oauth.redirect,auth,oauth,redirect,
auth.passkey.register,auth,passkey,register,
auth.password.hash,auth,password,hash,
auth.password.reset,auth,password,reset,
auth.password.verify,auth,password,verify,
auth.permission.check,auth,permission,check,
auth.permission.grant,auth,permission,grant,
auth.risk.assessment,auth,risk,assessment,
auth.role.assign,auth,role,assign,
auth.role.check,auth,role,check,
auth.session.concurrent,auth,session,concurrent,
auth.session.create,auth,session,create,
auth.session.destroy,auth,session,destroy,
auth.session.login,auth,session,login,
auth.session.refresh,auth,session,refresh,
auth.social.connect,auth,social,connect,
auth.sso.saml,auth,sso,saml,
auth.token.blacklist,auth,token,blacklist,
auth.token.refresh,auth,token,refresh,
auth.user.register,auth,user,register,
auth.zero.trust,auth,zero,trust,
automation.event.driven,automation,event,driven,
automation.process.orchestration,automation,process,orchestration,
automation.rule.engine,automation,rule,engine,
automation.task.scheduler,automation,task,scheduler,
automation.workflow.builder,automation,workflow,builder,
backup.automated.schedule,backup,automated,schedule,
backup.differential.create,backup,differential,create,
backup.encryption.enable,backup,encryption,enable,
backup.incremental.run,backup,incremental,run,
backup.offsite.sync,backup,offsite,sync,
backup.restore.point,backup,restore,point,
backup.retention.policy,backup,retention,policy,
backup.snapshot.create,backup,snapshot,create,
backup.verify.integrity,backup,verify,integrity,
batch.job.monitor,batch,job,monitor,
batch.processing.parallel,batch,processing,parallel,
batch.queue.manage,batch,queue,manage,
batch.result.aggregate,batch,result,aggregate,
batch.retry.failed,batch,retry,failed,
billing.invoice.generate,billing,invoice,generate,
billing.payment.process,billing,payment,process,
billing.subscription.manage,billing,subscription,manage,
billing.tax.calculate,billing,tax,calculate,
billing.usage.track,billing,usage,track,
blockchain.consensus.mechanism,blockchain,consensus,mechanism,
blockchain.contract.deploy,blockchain,contract,deploy,
blockchain.gas.estimate,blockchain,gas,estimate,
blockchain.nft.mint,blockchain,nft,mint,
blockchain.smart.contract,blockchain,smart,contract,
blockchain.token.transfer,blockchain,token,transfer,
blockchain.transaction.sign,blockchain,transaction,sign,
blockchain.wallet.connect,blockchain,wallet,connect,
broadcast.channel.api,broadcast,channel,api,
broadcast.message.publish,broadcast,message,publish,
broadcast.subscriber.notify,broadcast,subscriber,notify,
browser.compatibility.check,browser,compatibility,check,
browser.feature.detect,browser,feature,detect,
browser.notification.api,browser,notification,api,
browser.storage.api,browser,storage,api,
build.asset.optimize,build,asset,optimize,
build.dependency.resolve,build,dependency,resolve,
build.output.hash,build,output,hash,
build.source.map,build,source,map,
bundle.code.split,bundle,code,split,
bundle.tree.shake,bundle,tree,shake,
business.logic.layer,business,logic,layer,
business.rule.evaluate,business,rule,evaluate,
cache.aside.pattern,cache,aside,pattern,
cache.browser.clear,cache,browser,clear,
cache.browser.set,cache,browser,set,
cache.cdn.purge,cache,cdn,purge,
cache.database.query,cache,database,query,
cache.distributed.sync,cache,distributed,sync,
cache.invalidation.cascade,cache,invalidation,cascade,
cache.key.delete,cache,key,delete,
cache.key.exists,cache,key,exists,
cache.key.expire,cache,key,expire,
cache.memory.flush,cache,memory,flush,
cache.memory.get,cache,memory,get,
cache.memory.set,cache,memory,set,
cache.preload.data,cache,preload,data,
cache.redis.connect,cache,redis,connect,
cache.redis.get,cache,redis,get,
cache.redis.set,cache,redis,set,
cache.through.write,cache,through,write,
cache.warming.strategy,cache,warming,strategy,
calendar.event.recurring,calendar,event,recurring,
calendar.reminder.set,calendar,reminder,set,
calendar.timezone.sync,calendar,timezone,sync,
canvas.drawing.tools,canvas,drawing,tools,
canvas.layer.manage,canvas,layer,manage,
cdn.asset.deploy,cdn,asset,deploy,
cdn.cache.purge,cdn,cache,purge,
cdn.edge.compute,cdn,edge,compute,
cdn.failover.switch,cdn,failover,switch,
cdn.geo.routing,cdn,geo,routing,
cdn.origin.shield,cdn,origin,shield,
certificate.pinning.implement,certificate,pinning,implement,
certificate.renewal.auto,certificate,renewal,auto,
chart.animation.transition,chart,animation,transition,
chart.data.update,chart,data,update,
chart.interactive.zoom,chart,interactive,zoom,
chart.legend.toggle,chart,legend,toggle,
chat.channel.create,chat,channel,create,
chat.emoji.picker,chat,emoji,picker,
chat.file.share,chat,file,share,
chat.message.send,chat,message,send,
chat.presence.update,chat,presence,update,
chat.reaction.add,chat,reaction,add,
chat.thread.create,chat,thread,create,
chat.typing.indicator,chat,typing,indicator,
checkout.cart.update,checkout,cart,update,
checkout.coupon.apply,checkout,coupon,apply,
checkout.shipping.calculate,checkout,shipping,calculate,
checkout.tax.compute,checkout,tax,compute,
cli.argument.parse,cli,argument,parse,
cli.command.execute,cli,command,execute,
cli.help.generate,cli,help,generate,
cli.interactive.prompt,cli,interactive,prompt,
clipboard.image.paste,clipboard,image,paste,
clipboard.text.copy,clipboard,text,copy,
cloud.function.deploy,cloud,function,deploy,
cloud.storage.sync,cloud,storage,sync,
cluster.node.health,cluster,node,health,
cluster.rebalance.load,cluster,rebalance,load,
cms.block.builder,cms,block,builder,
cms.content.create,cms,content,create,
cms.content.delete,cms,content,delete,
cms.content.publish,cms,content,publish,
cms.content.schedule,cms,content,schedule,
cms.content.update,cms,content,update,
cms.media.upload,cms,media,upload,
cms.page.build,cms,page,build,
cms.revision.compare,cms,revision,compare,
cms.template.render,cms,template,render,
cms.version.control,cms,version,control,
cms.workflow.approve,cms,workflow,approve,
code.coverage.report,code,coverage,report,
code.format.prettier,code,format,prettier,
code.lint.eslint,code,lint,eslint,
code.minify.terser,code,minify,terser,
code.quality.analyze,code,quality,analyze,
code.review.automate,code,review,automate,
code.smell.detect,code,smell,detect,
code.transpile.babel,code,transpile,babel,
collaboration.comment.add,collaboration,comment,add,
collaboration.conflict.resolve,collaboration,conflict,resolve,
collaboration.cursor.sync,collaboration,cursor,sync,
collaboration.document.share,collaboration,document,share,
collaboration.lock.acquire,collaboration,lock,acquire,
collaboration.merge.changes,collaboration,merge,changes,
collaboration.presence.show,collaboration,presence,show,
collection.paginate.results,collection,paginate,results,
collection.sort.multi,collection,sort,multi,
color.contrast.calculate,color,contrast,calculate,
color.palette.generate,color,palette,generate,
color.picker.widget,color,picker,widget,
command.history.store,command,history,store,
command.undo.stack,command,undo,stack,
comment.mention.notify,comment,mention,notify,
comment.moderate.auto,comment,moderate,auto,
comment.thread.collapse,comment,thread,collapse,
communication.channel.create,communication,channel,create,
communication.protocol.select,communication,protocol,select,
compliance.audit.trail,compliance,audit,trail,
compliance.data.retention,compliance,data,retention,
compliance.gdpr.tools,compliance,gdpr,tools,
component.accordion.collapse,component,accordion,collapse,
component.accordion.expand,component,accordion,expand,
component.alert.close,component,alert,close,
component.alert.show,component,alert,show,
component.button.click,component,button,click,
component.button.disable,component,button,disable,
component.calendar.render,component,calendar,render,
component.card.flip,component,card,flip,
component.carousel.next,component,carousel,next,
component.carousel.prev,component,carousel,prev,
component.chart.render,component,chart,render,
component.checkbox.toggle,component,checkbox,toggle,
component.dialog.close,component,dialog,close,
component.dialog.open,component,dialog,open,
component.dropdown.close,component,dropdown,close,
component.dropdown.open,component,dropdown,open,
component.error.boundary,component,error,boundary,
component.form.reset,component,form,reset,
component.form.submit,component,form,submit,
component.form.validate,component,form,validate,
component.gallery.lightbox,component,gallery,lightbox,
component.input.clear,component,input,clear,
component.input.validate,component,input,validate,
component.lazy.loading,component,lazy,loading,
component.list.filter,component,list,filter,
component.list.sort,component,list,sort,
component.loader.hide,component,loader,hide,
component.loader.show,component,loader,show,
component.map.render,component,map,render,
component.menu.toggle,component,menu,toggle,
component.modal.close,component,modal,close,
component.modal.dialog,component,modal,dialog,
component.modal.open,component,modal,open,
component.pagination.next,component,pagination,next,
component.pagination.prev,component,pagination,prev,
component.popover.hide,component,popover,hide,
component.popover.show,component,popover,show,
component.portal.render,component,portal,render,
component.progress.update,component,progress,update,
component.radio.select,component,radio,select,
component.select.change,component,select,change,
component.slider.change,component,slider,change,
component.suspense.fallback,component,suspense,fallback,
component.switch.toggle,component,switch,toggle,
component.table.sort,component,table,sort,
component.tabs.accordion,component,tabs,accordion,
component.tabs.switch,component,tabs,switch,
component.toast.hide,component,toast,hide,
component.toast.show,component,toast,show,
component.tooltip.hide,component,tooltip,hide,
component.tooltip.show,component,tooltip,show,
component.transition.group,component,transition,group,
component.video.pause,component,video,pause,
component.video.play,component,video,play,
compression.algorithm.select,compression,algorithm,select,
compression.ratio.optimize,compression,ratio,optimize,
compute.distributed.job,compute,distributed,job,
compute.edge.function,compute,edge,function,
compute.serverless.scale,compute,serverless,scale,
concurrent.lock.manage,concurrent,lock,manage,
concurrent.request.limit,concurrent,request,limit,
config.environment.load,config,environment,load,
config.feature.flag,config,feature,flag,
config.hot.reload,config,hot,reload,
config.schema.validate,config,schema,validate,
config.secret.manage,config,secret,manage,
config.validation.schema,config,validation,schema,
connection.pool.size,connection,pool,size,
connection.retry.logic,connection,retry,logic,
console.output.format,console,output,format,
console.progress.bar,console,progress,bar,
container.dependency.inject,container,dependency,inject,
container.lifecycle.manage,container,lifecycle,manage,
content.draft.save,content,draft,save,
content.moderation.auto,content,moderation,auto,
content.preview.generate,content,preview,generate,
content.publish.schedule,content,publish,schedule,
content.recommendation.engine,content,recommendation,engine,
content.version.control,content,version,control,
context.menu.custom,context,menu,custom,
context.switch.user,context,switch,user,
conversion.rate.optimize,conversion,rate,optimize,
conversion.tracking.pixel,conversion,tracking,pixel,
cookie.banner.consent,cookie,banner,consent,
cookie.consent.banner,cookie,consent,banner,
cookie.preference.save,cookie,preference,save,
cookie.samesite.strict,cookie,samesite,strict,
cookie.secure.flag,cookie,secure,flag,
cookie.session.manage,cookie,session,manage,
cors.preflight.handle,cors,preflight,handle,
cors.whitelist.domain,cors,whitelist,domain,
cron.expression.parse,cron,expression,parse,
cron.job.schedule,cron,job,schedule,
crud.operation.generate,crud,operation,generate,
crypto.aes.decrypt,crypto,aes,decrypt,
crypto.aes.encrypt,crypto,aes,encrypt,
crypto.hash.md5,crypto,hash,md5,
crypto.hash.sha256,crypto,hash,sha256,
crypto.jwt.decode,crypto,jwt,decode,
crypto.jwt.sign,crypto,jwt,sign,
crypto.key.generate,crypto,key,generate,
crypto.password.hash,crypto,password,hash,
crypto.placeholder.op001,crypto,placeholder,op001,
crypto.placeholder.op002,crypto,placeholder,op002,
crypto.placeholder.op003,crypto,placeholder,op003,
crypto.placeholder.op004,crypto,placeholder,op004,
crypto.placeholder.op005,crypto,placeholder,op005,
crypto.placeholder.op006,crypto,placeholder,op006,
crypto.placeholder.op007,crypto,placeholder,op007,
crypto.placeholder.op008,crypto,placeholder,op008,
crypto.placeholder.op009,crypto,placeholder,op009,
crypto.placeholder.op010,crypto,placeholder,op010,
crypto.placeholder.op011,crypto,placeholder,op011,
crypto.placeholder.op012,crypto,placeholder,op012,
crypto.placeholder.op013,crypto,placeholder,op013,
crypto.placeholder.op014,crypto,placeholder,op014,
crypto.placeholder.op015,crypto,placeholder,op015,
crypto.placeholder.op016,crypto,placeholder,op016,
crypto.placeholder.op017,crypto,placeholder,op017,
crypto.placeholder.op018,crypto,placeholder,op018,
crypto.placeholder.op019,crypto,placeholder,op019,
crypto.placeholder.op020,crypto,placeholder,op020,
crypto.placeholder.op021,crypto,placeholder,op021,
crypto.placeholder.op022,crypto,placeholder,op022,
crypto.placeholder.op023,crypto,placeholder,op023,
crypto.placeholder.op024,crypto,placeholder,op024,
crypto.placeholder.op025,crypto,placeholder,op025,
crypto.placeholder.op026,crypto,placeholder,op026,
crypto.placeholder.op027,crypto,placeholder,op027,
crypto.placeholder.op028,crypto,placeholder,op028,
crypto.placeholder.op029,crypto,placeholder,op029,
crypto.placeholder.op030,crypto,placeholder,op030,
crypto.placeholder.op031,crypto,placeholder,op031,
crypto.placeholder.op032,crypto,placeholder,op032,
crypto.placeholder.op033,crypto,placeholder,op033,
crypto.placeholder.op034,crypto,placeholder,op034,
crypto.placeholder.op035,crypto,placeholder,op035,
crypto.placeholder.op036,crypto,placeholder,op036,
crypto.placeholder.op037,crypto,placeholder,op037,
crypto.placeholder.op038,crypto,placeholder,op038,
crypto.placeholder.op039,crypto,placeholder,op039,
crypto.placeholder.op040,crypto,placeholder,op040,
crypto.placeholder.op041,crypto,placeholder,op041,
crypto.placeholder.op042,crypto,placeholder,op042,
crypto.placeholder.op043,crypto,placeholder,op043,
crypto.placeholder.op044,crypto,placeholder,op044,
crypto.placeholder.op045,crypto,placeholder,op045,
crypto.placeholder.op046,crypto,placeholder,op046,
crypto.placeholder.op047,crypto,placeholder,op047,
crypto.placeholder.op048,crypto,placeholder,op048,
crypto.random.uuid,crypto,random,uuid,
crypto.rsa.decrypt,crypto,rsa,decrypt,
crypto.rsa.encrypt,crypto,rsa,encrypt,
crypto.sign.verify,crypto,sign,verify,
csv.import.wizard,csv,import,wizard,
currency.exchange.rate,currency,exchange,rate,
cursor.pagination.implement,cursor,pagination,implement,
custom.element.define,custom,element,define,
dashboard.metric.display,dashboard,metric,display,
dashboard.widget.arrange,dashboard,widget,arrange,
data.aggregation.pipeline,data,aggregation,pipeline,
data.anonymization.apply,data,anonymization,apply,
data.archival.policy,data,archival,policy,
data.array.filter,data,array,filter,
data.array.map,data,array,map,
data.array.reduce,data,array,reduce,
data.array.sort,data,array,sort,
data.batch.process,data,batch,process,
data.cleansing.rules,data,cleansing,rules,
data.csv.parse,data,csv,parse,
data.csv.stringify,data,csv,stringify,
data.deduplication.run,data,deduplication,run,
data.enrichment.process,data,enrichment,process,
data.json.parse,data,json,parse,
data.json.stringify,data,json,stringify,
data.lineage.track,data,lineage,track,
data.normalization.apply,data,normalization,apply,
data.object.merge,data,object,merge,
data.object.pick,data,object,pick,
data.quality.check,data,quality,check,
data.retention.enforce,data,retention,enforce,
data.sanitization.apply,data,sanitization,apply,
data.schema.validate,data,schema,validate,
data.transform.map,data,transform,map,
data.xml.parse,data,xml,parse,
data.xml.stringify,data,xml,stringify,
database.backup.automated,database,backup,automated,
database.connection.close,database,connection,close,
database.connection.open,database,connection,open,
database.connection.pool,database,connection,pool,
database.deadlock.detect,database,deadlock,detect,
database.index.create,database,index,create,
database.migration.down,database,migration,down,
database.migration.up,database,migration,up,
database.partition.table,database,partition,table,
database.query.execute,database,query,execute,
database.query.prepare,database,query,prepare,
database.read.replica,database,read,replica,
database.replication.setup,database,replication,setup,
database.sharding.implement,database,sharding,implement,
database.transaction.begin,database,transaction,begin,
database.transaction.commit,database,transaction,commit,
database.transaction.rollback,database,transaction,rollback,
dataframe.placeholder.op001,dataframe,placeholder,op001,
dataframe.placeholder.op002,dataframe,placeholder,op002,
dataframe.placeholder.op003,dataframe,placeholder,op003,
dataframe.placeholder.op004,dataframe,placeholder,op004,
dataframe.placeholder.op005,dataframe,placeholder,op005,
dataframe.placeholder.op006,dataframe,placeholder,op006,
dataframe.placeholder.op007,dataframe,placeholder,op007,
dataframe.placeholder.op008,dataframe,placeholder,op008,
dataframe.placeholder.op009,dataframe,placeholder,op009,
dataframe.placeholder.op010,dataframe,placeholder,op010,
dataframe.placeholder.op011,dataframe,placeholder,op011,
dataframe.placeholder.op012,dataframe,placeholder,op012,
dataframe.placeholder.op013,dataframe,placeholder,op013,
dataframe.placeholder.op014,dataframe,placeholder,op014,
dataframe.placeholder.op015,dataframe,placeholder,op015,
dataframe.placeholder.op016,dataframe,placeholder,op016,
dataframe.placeholder.op017,dataframe,placeholder,op017,
dataframe.placeholder.op018,dataframe,placeholder,op018,
dataframe.placeholder.op019,dataframe,placeholder,op019,
dataframe.placeholder.op020,dataframe,placeholder,op020,
dataframe.placeholder.op021,dataframe,placeholder,op021,
dataframe.placeholder.op022,dataframe,placeholder,op022,
dataframe.placeholder.op023,dataframe,placeholder,op023,
dataframe.placeholder.op024,dataframe,placeholder,op024,
dataframe.placeholder.op025,dataframe,placeholder,op025,
dataframe.placeholder.op026,dataframe,placeholder,op026,
dataframe.placeholder.op027,dataframe,placeholder,op027,
dataframe.placeholder.op028,dataframe,placeholder,op028,
dataframe.placeholder.op029,dataframe,placeholder,op029,
dataframe.placeholder.op030,dataframe,placeholder,op030,
dataframe.placeholder.op031,dataframe,placeholder,op031,
dataframe.placeholder.op032,dataframe,placeholder,op032,
dataframe.placeholder.op033,dataframe,placeholder,op033,
dataframe.placeholder.op034,dataframe,placeholder,op034,
dataframe.placeholder.op035,dataframe,placeholder,op035,
dataframe.placeholder.op036,dataframe,placeholder,op036,
dataframe.placeholder.op037,dataframe,placeholder,op037,
dataframe.placeholder.op038,dataframe,placeholder,op038,
dataframe.placeholder.op039,dataframe,placeholder,op039,
dataframe.placeholder.op040,dataframe,placeholder,op040,
dataframe.placeholder.op041,dataframe,placeholder,op041,
dataframe.placeholder.op042,dataframe,placeholder,op042,
dataframe.placeholder.op043,dataframe,placeholder,op043,
dataframe.placeholder.op044,dataframe,placeholder,op044,
dataframe.placeholder.op045,dataframe,placeholder,op045,
dataframe.placeholder.op046,dataframe,placeholder,op046,
dataframe.placeholder.op047,dataframe,placeholder,op047,
dataframe.placeholder.op048,dataframe,placeholder,op048,
dataframe.placeholder.op049,dataframe,placeholder,op049,
dataframe.placeholder.op050,dataframe,placeholder,op050,
dataframe.placeholder.op051,dataframe,placeholder,op051,
dataframe.placeholder.op052,dataframe,placeholder,op052,
dataframe.placeholder.op053,dataframe,placeholder,op053,
dataframe.placeholder.op054,dataframe,placeholder,op054,
dataframe.placeholder.op055,dataframe,placeholder,op055,
dataframe.placeholder.op056,dataframe,placeholder,op056,
dataframe.placeholder.op057,dataframe,placeholder,op057,
dataframe.placeholder.op058,dataframe,placeholder,op058,
dataframe.placeholder.op059,dataframe,placeholder,op059,
dataframe.placeholder.op060,dataframe,placeholder,op060,
dataframe.placeholder.op061,dataframe,placeholder,op061,
dataframe.placeholder.op062,dataframe,placeholder,op062,
dataframe.placeholder.op063,dataframe,placeholder,op063,
dataframe.placeholder.op064,dataframe,placeholder,op064,
dataframe.placeholder.op065,dataframe,placeholder,op065,
dataframe.placeholder.op066,dataframe,placeholder,op066,
dataframe.placeholder.op067,dataframe,placeholder,op067,
dataframe.placeholder.op068,dataframe,placeholder,op068,
dataframe.placeholder.op069,dataframe,placeholder,op069,
dataframe.placeholder.op070,dataframe,placeholder,op070,
dataframe.placeholder.op071,dataframe,placeholder,op071,
dataframe.placeholder.op072,dataframe,placeholder,op072,
dataframe.placeholder.op073,dataframe,placeholder,op073,
dataframe.placeholder.op074,dataframe,placeholder,op074,
dataframe.placeholder.op075,dataframe,placeholder,op075,
dataframe.placeholder.op076,dataframe,placeholder,op076,
dataframe.placeholder.op077,dataframe,placeholder,op077,
dataframe.placeholder.op078,dataframe,placeholder,op078,
dataframe.placeholder.op079,dataframe,placeholder,op079,
dataframe.placeholder.op080,dataframe,placeholder,op080,
dataframe.placeholder.op081,dataframe,placeholder,op081,
dataframe.placeholder.op082,dataframe,placeholder,op082,
dataframe.placeholder.op083,dataframe,placeholder,op083,
dataframe.placeholder.op084,dataframe,placeholder,op084,
dataframe.placeholder.op085,dataframe,placeholder,op085,
dataframe.placeholder.op086,dataframe,placeholder,op086,
dataframe.placeholder.op087,dataframe,placeholder,op087,
dataframe.placeholder.op088,dataframe,placeholder,op088,
dataframe.placeholder.op089,dataframe,placeholder,op089,
dataframe.placeholder.op090,dataframe,placeholder,op090,
dataframe.placeholder.op091,dataframe,placeholder,op091,
dataframe.placeholder.op092,dataframe,placeholder,op092,
dataframe.placeholder.op093,dataframe,placeholder,op093,
dataframe.placeholder.op094,dataframe,placeholder,op094,
dataframe.placeholder.op095,dataframe,placeholder,op095,
dataframe.placeholder.op096,dataframe,placeholder,op096,
dataframe.placeholder.op097,dataframe,placeholder,op097,
dataframe.placeholder.op098,dataframe,placeholder,op098,
dataframe.placeholder.op099,dataframe,placeholder,op099,
dataframe.placeholder.op100,dataframe,placeholder,op100,
dataframe.placeholder.op101,dataframe,placeholder,op101,
dataframe.placeholder.op102,dataframe,placeholder,op102,
dataframe.placeholder.op103,dataframe,placeholder,op103,
dataframe.placeholder.op104,dataframe,placeholder,op104,
dataframe.placeholder.op105,dataframe,placeholder,op105,
dataframe.placeholder.op106,dataframe,placeholder,op106,
dataframe.placeholder.op107,dataframe,placeholder,op107,
dataframe.placeholder.op108,dataframe,placeholder,op108,
dataframe.placeholder.op109,dataframe,placeholder,op109,
dataframe.placeholder.op110,dataframe,placeholder,op110,
dataframe.placeholder.op111,dataframe,placeholder,op111,
dataframe.placeholder.op112,dataframe,placeholder,op112,
dataframe.placeholder.op113,dataframe,placeholder,op113,
dataframe.placeholder.op114,dataframe,placeholder,op114,
dataframe.placeholder.op115,dataframe,placeholder,op115,
dataframe.placeholder.op116,dataframe,placeholder,op116,
dataframe.placeholder.op117,dataframe,placeholder,op117,
dataframe.placeholder.op118,dataframe,placeholder,op118,
dataframe.placeholder.op119,dataframe,placeholder,op119,
dataframe.placeholder.op120,dataframe,placeholder,op120,
dataframe.placeholder.op121,dataframe,placeholder,op121,
dataframe.placeholder.op122,dataframe,placeholder,op122,
dataframe.placeholder.op123,dataframe,placeholder,op123,
dataframe.placeholder.op124,dataframe,placeholder,op124,
dataframe.placeholder.op125,dataframe,placeholder,op125,
dataframe.placeholder.op126,dataframe,placeholder,op126,
dataframe.placeholder.op127,dataframe,placeholder,op127,
dataframe.placeholder.op128,dataframe,placeholder,op128,
dataframe.placeholder.op129,dataframe,placeholder,op129,
dataframe.placeholder.op130,dataframe,placeholder,op130,
dataframe.placeholder.op131,dataframe,placeholder,op131,
dataframe.placeholder.op132,dataframe,placeholder,op132,
dataframe.placeholder.op133,dataframe,placeholder,op133,
dataframe.placeholder.op134,dataframe,placeholder,op134,
dataframe.placeholder.op135,dataframe,placeholder,op135,
dataframe.placeholder.op136,dataframe,placeholder,op136,
dataframe.placeholder.op137,dataframe,placeholder,op137,
dataframe.placeholder.op138,dataframe,placeholder,op138,
dataframe.placeholder.op139,dataframe,placeholder,op139,
dataframe.placeholder.op140,dataframe,placeholder,op140,
dataframe.placeholder.op141,dataframe,placeholder,op141,
dataframe.placeholder.op142,dataframe,placeholder,op142,
dataframe.placeholder.op143,dataframe,placeholder,op143,
dataframe.placeholder.op144,dataframe,placeholder,op144,
dataframe.placeholder.op145,dataframe,placeholder,op145,
dataframe.placeholder.op146,dataframe,placeholder,op146,
dataframe.placeholder.op147,dataframe,placeholder,op147,
dataframe.placeholder.op148,dataframe,placeholder,op148,
dataframe.placeholder.op149,dataframe,placeholder,op149,
dataframe.placeholder.op150,dataframe,placeholder,op150,
date.picker.calendar,date,picker,calendar,
date.range.select,date,range,select,
datetime.add.days,datetime,add,days,
datetime.add.hours,datetime,add,hours,
datetime.business.days,datetime,business,days,
datetime.format.custom,datetime,format,custom,
datetime.format.iso,datetime,format,iso,
datetime.now.get,datetime,now,get,
datetime.parse.string,datetime,parse,string,
datetime.recurring.event,datetime,recurring,event,
datetime.schedule.cron,datetime,schedule,cron,
datetime.timezone.convert,datetime,timezone,convert,
datetime.working.hours,datetime,working,hours,
debug.assertion.check,debug,assertion,check,
debug.breakpoint.set,debug,breakpoint,set,
debug.console.error,debug,console,error,
debug.console.log,debug,console,log,
debug.console.warn,debug,console,warn,
debug.logging.verbose,debug,logging,verbose,
debug.memory.profile,debug,memory,profile,
debug.performance.trace,debug,performance,trace,
debug.remote.attach,debug,remote,attach,
debug.source.map,debug,source,map,
debug.stack.trace,debug,stack,trace,
deeplink.app.handle,deeplink,app,handle,
deeplink.universal.create,deeplink,universal,create,
dependency.graph.analyze,dependency,graph,analyze,
dependency.injection.container,dependency,injection,container,
deploy.blue.green,deploy,blue,green,
deploy.build.artifact,deploy,build,artifact,
deploy.canary.release,deploy,canary,release,
deploy.docker.build,deploy,docker,build,
deploy.docker.push,deploy,docker,push,
deploy.environment.setup,deploy,environment,setup,
deploy.feature.toggle,deploy,feature,toggle,
deploy.rollback.auto,deploy,rollback,auto,
deploy.rollback.execute,deploy,rollback,execute,
deploy.server.restart,deploy,server,restart,
deployment.strategy.select,deployment,strategy,select,
deployment.validation.run,deployment,validation,run,
design.pattern.implement,design,pattern,implement,
design.system.tokens,design,system,tokens,
desktop.app.package,desktop,app,package,
desktop.notification.native,desktop,notification,native,
device.capability.query,device,capability,query,
device.fingerprint.generate,device,fingerprint,generate,
device.orientation.detect,device,orientation,detect,
device.storage.check,device,storage,check,
device.vibration.trigger,device,vibration,trigger,
dialog.confirm.action,dialog,confirm,action,
dialog.modal.stack,dialog,modal,stack,
diff.algorithm.apply,diff,algorithm,apply,
diff.merge.conflict,diff,merge,conflict,
directory.listing.generate,directory,listing,generate,
directory.tree.traverse,directory,tree,traverse,
dns.lookup.cache,dns,lookup,cache,
dns.prefetch.enable,dns,prefetch,enable,
docker.container.manage,docker,container,manage,
docker.image.build,docker,image,build,
document.collaboration.real,document,collaboration,real,
document.version.compare,document,version,compare,
dom.attribute.get,dom,attribute,get,
dom.attribute.set,dom,attribute,set,
dom.class.add,dom,class,add,
dom.class.remove,dom,class,remove,
dom.class.toggle,dom,class,toggle,
dom.element.append,dom,element,append,
dom.element.clone,dom,element,clone,
dom.element.create,dom,element,create,
dom.element.find,dom,element,find,
dom.element.remove,dom,element,remove,
dom.event.delegate,dom,event,delegate,
dom.event.listen,dom,event,listen,
dom.event.trigger,dom,event,trigger,
dom.fragment.create,dom,fragment,create,
dom.mutation.observe,dom,mutation,observe,
dom.shadow.attach,dom,shadow,attach,
dom.style.apply,dom,style,apply,
dom.text.update,dom,text,update,
dom.virtual.diff,dom,virtual,diff,
domain.driven.design,domain,driven,design,
domain.model.validate,domain,model,validate,
download.batch.files,download,batch,files,
download.manager.queue,download,manager,queue,
download.progress.monitor,download,progress,monitor,
download.resume.support,download,resume,support,
download.speed.limit,download,speed,limit,
draft.auto.save,draft,auto,save,
draft.version.restore,draft,version,restore,
drag.ghost.image,drag,ghost,image,
drag.handle.attach,drag,handle,attach,
drag.zone.define,drag,zone,define,
dropdown.cascading.select,dropdown,cascading,select,
dropdown.search.filter,dropdown,search,filter,
dynamic.import.module,dynamic,import,module,
dynamic.route.generate,dynamic,route,generate,
ecommerce.cart.persist,ecommerce,cart,persist,
ecommerce.checkout.flow,ecommerce,checkout,flow,
ecommerce.inventory.track,ecommerce,inventory,track,
ecommerce.wishlist.manage,ecommerce,wishlist,manage,
edge.computing.deploy,edge,computing,deploy,
edge.function.execute,edge,function,execute,
editor.autocomplete.suggest,editor,autocomplete,suggest,
editor.bracket.match,editor,bracket,match,
editor.code.fold,editor,code,fold,
editor.syntax.highlight,editor,syntax,highlight,
email.attachment.add,email,attachment,add,
email.bounce.handle,email,bounce,handle,
email.campaign.track,email,campaign,track,
email.delivery.track,email,delivery,track,
email.html.template,email,html,template,
email.queue.add,email,queue,add,
email.send.bulk,email,send,bulk,
email.send.single,email,send,single,
email.spam.filter,email,spam,filter,
email.template.personalize,email,template,personalize,
email.template.render,email,template,render,
email.unsubscribe.process,email,unsubscribe,process,
embed.responsive.iframe,embed,responsive,iframe,
embed.social.widget,embed,social,widget,
emoji.picker.component,emoji,picker,component,
emoji.unicode.support,emoji,unicode,support,
encoding.character.detect,encoding,character,detect,
encoding.utf8.convert,encoding,utf8,convert,
encryption.e2e.implement,encryption,e2e,implement,
encryption.field.level,encryption,field,level,
encryption.key.rotate,encryption,key,rotate,
endpoint.health.monitor,endpoint,health,monitor,
endpoint.rate.limit,endpoint,rate,limit,
entity.relationship.map,entity,relationship,map,
entity.validation.rules,entity,validation,rules,
environment.detection.auto,environment,detection,auto,
environment.variable.load,environment,variable,load,
error.aggregation.service,error,aggregation,service,
error.boundary.catch,error,boundary,catch,
error.handler.global,error,handler,global,
error.log.send,error,log,send,
error.notification.send,error,notification,send,
error.recovery.automatic,error,recovery,automatic,
error.reporting.sentry,error,reporting,sentry,
error.retry.attempt,error,retry,attempt,
error.stack.parse,error,stack,parse,
error.user.friendly,error,user,friendly,
etag.cache.validate,etag,cache,validate,
etag.generation.auto,etag,generation,auto,
event.bus.emit,event,bus,emit,
event.bus.listen,event,bus,listen,
event.custom.dispatch,event,custom,dispatch,
event.delegation.setup,event,delegation,setup,
event.emitter.pattern,event,emitter,pattern,
event.passive.listener,event,passive,listener,
event.propagation.stop,event,propagation,stop,
event.queue.process,event,queue,process,
event.sourcing.implement,event,sourcing,implement,
event.stream.subscribe,event,stream,subscribe,
excel.export.format,excel,export,format,
excel.import.parse,excel,import,parse,
exception.custom.throw,exception,custom,throw,
exception.global.handler,exception,global,handler,
export.batch.process,export,batch,process,
export.csv.generate,export,csv,generate,
export.pdf.create,export,pdf,create,
export.template.custom,export,template,custom,
export.xlsx.format,export,xlsx,format,
expression.evaluate.safe,expression,evaluate,safe,
expression.parser.build,expression,parser,build,
extension.browser.api,extension,browser,api,
extension.manifest.generate,extension,manifest,generate,
external.api.wrapper,external,api,wrapper,
external.service.mock,external,service,mock,
extract.metadata.file,extract,metadata,file,
extract.text.content,extract,text,content,
factory.object.build,factory,object,build,
factory.pattern.create,factory,pattern,create,
fallback.strategy.implement,fallback,strategy,implement,
fallback.ui.render,fallback,ui,render,
fault.injection.test,fault,injection,test,
fault.tolerance.add,fault,tolerance,add,
feature.ab.test,feature,ab,test,
feature.detection.browser,feature,detection,browser,
feature.experiment.run,feature,experiment,run,
feature.flag.evaluate,feature,flag,evaluate,
feature.rollout.gradual,feature,rollout,gradual,
feature.toggle.manage,feature,toggle,manage,
feature.usage.track,feature,usage,track,
feedback.form.submit,feedback,form,submit,
feedback.rating.collect,feedback,rating,collect,
field.mask.input,field,mask,input,
field.validation.async,field,validation,async,
file.archive.extract,file,archive,extract,
file.browser.component,file,browser,component,
file.checksum.verify,file,checksum,verify,
file.chunked.upload,file,chunked,upload,
file.compress.gzip,file,compress,gzip,
file.compress.zip,file,compress,zip,
file.copy.recursive,file,copy,recursive,
file.delete.permanent,file,delete,permanent,
file.download.stream,file,download,stream,
file.drag.drop,file,drag,drop,
file.exists.check,file,exists,check,
file.hash.calculate,file,hash,calculate,
file.metadata.read,file,metadata,read,
file.move.rename,file,move,rename,
file.path.join,file,path,join,
file.path.resolve,file,path,resolve,
file.preview.generate,file,preview,generate,
file.read.binary,file,read,binary,
file.read.text,file,read,text,
file.size.get,file,size,get,
file.temp.create,file,temp,create,
file.upload.chunk,file,upload,chunk,
file.upload.single,file,upload,single,
file.virus.scan,file,virus,scan,
file.watch.changes,file,watch,changes,
file.write.append,file,write,append,
file.write.create,file,write,create,
filesystem.permission.check,filesystem,permission,check,
filesystem.watch.recursive,filesystem,watch,recursive,
filter.advanced.apply,filter,advanced,apply,
filter.chain.apply,filter,chain,apply,
filter.criteria.build,filter,criteria,build,
filter.preset.save,filter,preset,save,
filter.search.combine,filter,search,combine,
fingerprint.browser.generate,fingerprint,browser,generate,
fingerprint.device.track,fingerprint,device,track,
firebase.auth.integrate,firebase,auth,integrate,
firebase.database.sync,firebase,database,sync,
firewall.ip.whitelist,firewall,ip,whitelist,
firewall.rule.apply,firewall,rule,apply,
flash.message.display,flash,message,display,
flash.storage.session,flash,storage,session,
floating.action.button,floating,action,button,
floating.label.animate,floating,label,animate,
flow.control.manage,flow,control,manage,
flow.diagram.render,flow,diagram,render,
font.face.load,font,face,load,
font.subsetting.optimize,font,subsetting,optimize,
footer.content.organize,footer,content,organize,
footer.sticky.bottom,footer,sticky,bottom,
form.autosave.enable,form,autosave,enable,
form.builder.drag,form,builder,drag,
form.conditional.logic,form,conditional,logic,
form.dependency.field,form,dependency,field,
form.dynamic.generate,form,dynamic,generate,
form.field.clear,form,field,clear,
form.field.disable,form,field,disable,
form.field.enable,form,field,enable,
form.field.validate,form,field,validate,
form.file.upload,form,file,upload,
form.multi.step,form,multi,step,
form.progress.indicator,form,progress,indicator,
form.reset.all,form,reset,all,
form.submit.ajax,form,submit,ajax,
form.validation.custom,form,validation,custom,
form.validation.schema,form,validation,schema,
form.wizard.step,form,wizard,step,
format.code.prettier,format,code,prettier,
format.date.locale,format,date,locale,
fragment.cache.partial,fragment,cache,partial,
fragment.lazy.load,fragment,lazy,load,
framework.bootstrap.init,framework,bootstrap,init,
framework.plugin.register,framework,plugin,register,
fulltext.ranking.algorithm,fulltext,ranking,algorithm,
fulltext.search.index,fulltext,search,index,
function.composition.chain,function,composition,chain,
function.curry.partial,function,curry,partial,
gallery.grid.layout,gallery,grid,layout,
gallery.slideshow.auto,gallery,slideshow,auto,
gamepad.input.handle,gamepad,input,handle,
gamepad.vibration.trigger,gamepad,vibration,trigger,
gateway.api.route,gateway,api,route,
gateway.load.balance,gateway,load,balance,
generator.code.template,generator,code,template,
generator.id.unique,generator,id,unique,
geo.boundary.check,geo,boundary,check,
geo.clustering.markers,geo,clustering,markers,
geo.coordinates.convert,geo,coordinates,convert,
geo.distance.calculate,geo,distance,calculate,
geo.location.current,geo,location,current,
geo.map.render,geo,map,render,
geo.polygon.contains,geo,polygon,contains,
geo.route.calculate,geo,route,calculate,
geocoding.address.lookup,geocoding,address,lookup,
geocoding.reverse.convert,geocoding,reverse,convert,
geofencing.boundary.monitor,geofencing,boundary,monitor,
geofencing.trigger.action,geofencing,trigger,action,
gesture.double.tap,gesture,double,tap,
gesture.long.press,gesture,long,press,
gesture.multi.touch,gesture,multi,touch,
git.branch.create,git,branch,create,
git.commit.amend,git,commit,amend,
git.hook.pre.commit,git,hook,pre,commit
git.merge.conflict,git,merge,conflict,
git.rebase.interactive,git,rebase,interactive,
git.workflow.automate,git,workflow,automate,
global.error.boundary,global,error,boundary,
global.state.sync,global,state,sync,
graph.algorithm.dijkstra,graph,algorithm,dijkstra,
graph.edge.connect,graph,edge,connect,
graph.node.position,graph,node,position,
graph.path.shortest,graph,path,shortest,
graph.visualization.render,graph,visualization,render,
graphql.client.query,graphql,client,query,
graphql.codegen.types,graphql,codegen,types,
graphql.fragment.reuse,graphql,fragment,reuse,
graphql.introspection.query,graphql,introspection,query,
graphql.mutation.execute,graphql,mutation,execute,
graphql.playground.embed,graphql,playground,embed,
graphql.relay.pagination,graphql,relay,pagination,
graphql.schema.generate,graphql,schema,generate,
graphql.subscription.listen,graphql,subscription,listen,
grid.cell.merge,grid,cell,merge,
grid.column.resize,grid,column,resize,
grid.responsive.auto,grid,responsive,auto,
grid.row.select,grid,row,select,
grid.template.areas,grid,template,areas,
group.permission.inherit,group,permission,inherit,
group.user.manage,group,user,manage,
gzip.compression.apply,gzip,compression,apply,
gzip.decompress.stream,gzip,decompress,stream,
handler.error.custom,handler,error,custom,
handler.event.delegate,handler,event,delegate,
hash.consistent.ring,hash,consistent,ring,
hash.table.implement,hash,table,implement,
header.navigation.mega,header,navigation,mega,
header.sticky.scroll,header,sticky,scroll,
health.check.endpoint,health,check,endpoint,
health.monitoring.dashboard,health,monitoring,dashboard,
heap.dump.generate,heap,dump,generate,
heap.memory.analyze,heap,memory,analyze,
heartbeat.connection.monitor,heartbeat,connection,monitor,
heartbeat.interval.set,heartbeat,interval,set,
heatmap.interaction.track,heatmap,interaction,track,
heatmap.visualization.render,heatmap,visualization,render,
help.contextual.show,help,contextual,show,
help.tour.guide,help,tour,guide,
help.tutorial.interactive,help,tutorial,interactive,
helper.function.utility,helper,function,utility,
helper.template.register,helper,template,register,
highlight.search.terms,highlight,search,terms,
highlight.syntax.code,highlight,syntax,code,
history.navigation.track,history,navigation,track,
history.state.manage,history,state,manage,
history.state.push,history,state,push,
history.undo.redo,history,undo,redo,
honeypot.field.add,honeypot,field,add,
honeypot.spam.prevent,honeypot,spam,prevent,
hook.after.create,hook,after,create,
hook.before.save,hook,before,save,
hook.lifecycle.mount,hook,lifecycle,mount,
hook.lifecycle.unmount,hook,lifecycle,unmount,
hotkey.combination.bind,hotkey,combination,bind,
hotkey.conflict.detect,hotkey,conflict,detect,
hover.card.preview,hover,card,preview,
hover.menu.delay,hover,menu,delay,
html.meta.inject,html,meta,inject,
html.sanitize.strict,html,sanitize,strict,
http.client.delete,http,client,delete,
http.client.get,http,client,get,
http.client.patch,http,client,patch,
http.client.post,http,client,post,
http.client.put,http,client,put,
http.cookie.delete,http,cookie,delete,
http.cookie.get,http,cookie,get,
http.cookie.set,http,cookie,set,
http.header.get,http,header,get,
http.header.set,http,header,set,
http.interceptor.add,http,interceptor,add,
http.request.abort,http,request,abort,
http.request.retry,http,request,retry,
http.response.json,http,response,json,
http.response.stream,http,response,stream,
http.retry.policy,http,retry,policy,
https.certificate.verify,https,certificate,verify,
https.redirect.force,https,redirect,force,
hybrid.app.bridge,hybrid,app,bridge,
hybrid.native.call,hybrid,native,call,
hydration.partial.selective,hydration,partial,selective,
hydration.progressive.enhance,hydration,progressive,enhance,
i18n.currency.format,i18n,currency,format,
i18n.date.format,i18n,date,format,
i18n.direction.rtl,i18n,direction,rtl,
i18n.language.detect,i18n,language,detect,
i18n.language.switch,i18n,language,switch,
i18n.locale.fallback,i18n,locale,fallback,
i18n.namespace.load,i18n,namespace,load,
i18n.number.format,i18n,number,format,
i18n.pluralize.text,i18n,pluralize,text,
i18n.text.translate,i18n,text,translate,
icon.font.load,icon,font,load,
icon.sprite.generate,icon,sprite,generate,
icon.svg.inline,icon,svg,inline,
image.blurhash.generate,image,blurhash,generate,
image.crop.region,image,crop,region,
image.dominant.color,image,dominant,color,
image.exif.read,image,exif,read,
image.filter.apply,image,filter,apply,
image.format.convert,image,format,convert,
image.lazy.load,image,lazy,load,
image.optimize.quality,image,optimize,quality,
image.placeholder.generate,image,placeholder,generate,
image.placeholder.op001,image,placeholder,op001,
image.placeholder.op002,image,placeholder,op002,
image.placeholder.op003,image,placeholder,op003,
image.placeholder.op004,image,placeholder,op004,
image.placeholder.op005,image,placeholder,op005,
image.placeholder.op006,image,placeholder,op006,
image.placeholder.op007,image,placeholder,op007,
image.placeholder.op008,image,placeholder,op008,
image.placeholder.op009,image,placeholder,op009,
image.placeholder.op010,image,placeholder,op010,
image.placeholder.op011,image,placeholder,op011,
image.placeholder.op012,image,placeholder,op012,
image.placeholder.op013,image,placeholder,op013,
image.placeholder.op014,image,placeholder,op014,
image.placeholder.op015,image,placeholder,op015,
image.placeholder.op016,image,placeholder,op016,
image.placeholder.op017,image,placeholder,op017,
image.placeholder.op018,image,placeholder,op018,
image.placeholder.op019,image,placeholder,op019,
image.placeholder.op020,image,placeholder,op020,
image.placeholder.op021,image,placeholder,op021,
image.placeholder.op022,image,placeholder,op022,
image.placeholder.op023,image,placeholder,op023,
image.placeholder.op024,image,placeholder,op024,
image.placeholder.op025,image,placeholder,op025,
image.placeholder.op026,image,placeholder,op026,
image.placeholder.op027,image,placeholder,op027,
image.placeholder.op028,image,placeholder,op028,
image.placeholder.op029,image,placeholder,op029,
image.placeholder.op030,image,placeholder,op030,
image.placeholder.op031,image,placeholder,op031,
image.placeholder.op032,image,placeholder,op032,
image.placeholder.op033,image,placeholder,op033,
image.placeholder.op034,image,placeholder,op034,
image.placeholder.op035,image,placeholder,op035,
image.placeholder.op036,image,placeholder,op036,
image.placeholder.op037,image,placeholder,op037,
image.placeholder.op038,image,placeholder,op038,
image.placeholder.op039,image,placeholder,op039,
image.placeholder.op040,image,placeholder,op040,
image.placeholder.op041,image,placeholder,op041,
image.placeholder.op042,image,placeholder,op042,
image.placeholder.op043,image,placeholder,op043,
image.placeholder.op044,image,placeholder,op044,
image.placeholder.op045,image,placeholder,op045,
image.placeholder.op046,image,placeholder,op046,
image.placeholder.op047,image,placeholder,op047,
image.placeholder.op048,image,placeholder,op048,
image.placeholder.op049,image,placeholder,op049,
image.placeholder.op050,image,placeholder,op050,
image.placeholder.op051,image,placeholder,op051,
image.placeholder.op052,image,placeholder,op052,
image.placeholder.op053,image,placeholder,op053,
image.placeholder.op054,image,placeholder,op054,
image.placeholder.op055,image,placeholder,op055,
image.placeholder.op056,image,placeholder,op056,
image.placeholder.op057,image,placeholder,op057,
image.placeholder.op058,image,placeholder,op058,
image.placeholder.op059,image,placeholder,op059,
image.placeholder.op060,image,placeholder,op060,
image.placeholder.op061,image,placeholder,op061,
image.placeholder.op062,image,placeholder,op062,
image.placeholder.op063,image,placeholder,op063,
image.placeholder.op064,image,placeholder,op064,
image.placeholder.op065,image,placeholder,op065,
image.placeholder.op066,image,placeholder,op066,
image.placeholder.op067,image,placeholder,op067,
image.placeholder.op068,image,placeholder,op068,
image.placeholder.op069,image,placeholder,op069,
image.placeholder.op070,image,placeholder,op070,
image.placeholder.op071,image,placeholder,op071,
image.placeholder.op072,image,placeholder,op072,
image.placeholder.op073,image,placeholder,op073,
image.placeholder.op074,image,placeholder,op074,
image.placeholder.op075,image,placeholder,op075,
image.placeholder.op076,image,placeholder,op076,
image.placeholder.op077,image,placeholder,op077,
image.placeholder.op078,image,placeholder,op078,
image.placeholder.op079,image,placeholder,op079,
image.placeholder.op080,image,placeholder,op080,
image.placeholder.op081,image,placeholder,op081,
image.placeholder.op082,image,placeholder,op082,
image.placeholder.op083,image,placeholder,op083,
image.placeholder.op084,image,placeholder,op084,
image.placeholder.op085,image,placeholder,op085,
image.placeholder.op086,image,placeholder,op086,
image.placeholder.op087,image,placeholder,op087,
image.placeholder.op088,image,placeholder,op088,
image.placeholder.op089,image,placeholder,op089,
image.placeholder.op090,image,placeholder,op090,
image.placeholder.op091,image,placeholder,op091,
image.placeholder.op092,image,placeholder,op092,
image.placeholder.op093,image,placeholder,op093,
image.placeholder.op094,image,placeholder,op094,
image.placeholder.op095,image,placeholder,op095,
image.placeholder.op096,image,placeholder,op096,
image.placeholder.op097,image,placeholder,op097,
image.placeholder.op098,image,placeholder,op098,
image.placeholder.op099,image,placeholder,op099,
image.placeholder.op100,image,placeholder,op100,
image.placeholder.op101,image,placeholder,op101,
image.placeholder.op102,image,placeholder,op102,
image.placeholder.op103,image,placeholder,op103,
image.placeholder.op104,image,placeholder,op104,
image.placeholder.op105,image,placeholder,op105,
image.placeholder.op106,image,placeholder,op106,
image.placeholder.op107,image,placeholder,op107,
image.placeholder.op108,image,placeholder,op108,
image.placeholder.op109,image,placeholder,op109,
image.resize.dimensions,image,resize,dimensions,
image.watermark.add,image,watermark,add,
import.bulk.data,import,bulk,data,
import.mapping.configure,import,mapping,configure,
import.validation.rules,import,validation,rules,
integration.api.connect,integration,api,connect,
integration.webhook.register,integration,webhook,register,
integration.workflow.trigger,integration,workflow,trigger,
interaction.blocks.resize,interaction,blocks,resize,
interaction.drag.drop,interaction,drag,drop,
interaction.gesture.pinch,interaction,gesture,pinch,
interaction.gesture.swipe,interaction,gesture,swipe,
interaction.hover.effect,interaction,hover,effect,
interaction.keyboard.shortcut,interaction,keyboard,shortcut,
interaction.mouse.track,interaction,mouse,track,
interaction.scroll.infinite,interaction,scroll,infinite,
interaction.scroll.parallax,interaction,scroll,parallax,
interaction.touch.press,interaction,touch,press,
io.placeholder.op001,io,placeholder,op001,
io.placeholder.op002,io,placeholder,op002,
io.placeholder.op003,io,placeholder,op003,
io.placeholder.op004,io,placeholder,op004,
io.placeholder.op005,io,placeholder,op005,
io.placeholder.op006,io,placeholder,op006,
io.placeholder.op007,io,placeholder,op007,
io.placeholder.op008,io,placeholder,op008,
io.placeholder.op009,io,placeholder,op009,
io.placeholder.op010,io,placeholder,op010,
io.placeholder.op011,io,placeholder,op011,
io.placeholder.op012,io,placeholder,op012,
io.placeholder.op013,io,placeholder,op013,
io.placeholder.op014,io,placeholder,op014,
io.placeholder.op015,io,placeholder,op015,
io.placeholder.op016,io,placeholder,op016,
io.placeholder.op017,io,placeholder,op017,
io.placeholder.op018,io,placeholder,op018,
io.placeholder.op019,io,placeholder,op019,
io.placeholder.op020,io,placeholder,op020,
io.placeholder.op021,io,placeholder,op021,
io.placeholder.op022,io,placeholder,op022,
io.placeholder.op023,io,placeholder,op023,
io.placeholder.op024,io,placeholder,op024,
io.placeholder.op025,io,placeholder,op025,
io.placeholder.op026,io,placeholder,op026,
io.placeholder.op027,io,placeholder,op027,
io.placeholder.op028,io,placeholder,op028,
io.placeholder.op029,io,placeholder,op029,
io.placeholder.op030,io,placeholder,op030,
io.placeholder.op031,io,placeholder,op031,
io.placeholder.op032,io,placeholder,op032,
io.placeholder.op033,io,placeholder,op033,
io.placeholder.op034,io,placeholder,op034,
io.placeholder.op035,io,placeholder,op035,
io.placeholder.op036,io,placeholder,op036,
io.placeholder.op037,io,placeholder,op037,
io.placeholder.op038,io,placeholder,op038,
io.placeholder.op039,io,placeholder,op039,
io.placeholder.op040,io,placeholder,op040,
io.placeholder.op041,io,placeholder,op041,
io.placeholder.op042,io,placeholder,op042,
io.placeholder.op043,io,placeholder,op043,
io.placeholder.op044,io,placeholder,op044,
io.placeholder.op045,io,placeholder,op045,
io.placeholder.op046,io,placeholder,op046,
io.placeholder.op047,io,placeholder,op047,
io.placeholder.op048,io,placeholder,op048,
io.placeholder.op049,io,placeholder,op049,
io.placeholder.op050,io,placeholder,op050,
io.placeholder.op051,io,placeholder,op051,
io.placeholder.op052,io,placeholder,op052,
io.placeholder.op053,io,placeholder,op053,
io.placeholder.op054,io,placeholder,op054,
io.placeholder.op055,io,placeholder,op055,
io.placeholder.op056,io,placeholder,op056,
io.placeholder.op057,io,placeholder,op057,
io.placeholder.op058,io,placeholder,op058,
io.placeholder.op059,io,placeholder,op059,
io.placeholder.op060,io,placeholder,op060,
io.placeholder.op061,io,placeholder,op061,
io.placeholder.op062,io,placeholder,op062,
io.placeholder.op063,io,placeholder,op063,
io.placeholder.op064,io,placeholder,op064,
io.placeholder.op065,io,placeholder,op065,
io.placeholder.op066,io,placeholder,op066,
io.placeholder.op067,io,placeholder,op067,
io.placeholder.op068,io,placeholder,op068,
io.placeholder.op069,io,placeholder,op069,
io.placeholder.op070,io,placeholder,op070,
io.placeholder.op071,io,placeholder,op071,
io.placeholder.op072,io,placeholder,op072,
io.placeholder.op073,io,placeholder,op073,
io.placeholder.op074,io,placeholder,op074,
io.placeholder.op075,io,placeholder,op075,
io.placeholder.op076,io,placeholder,op076,
io.placeholder.op077,io,placeholder,op077,
io.placeholder.op078,io,placeholder,op078,
io.placeholder.op079,io,placeholder,op079,
io.placeholder.op080,io,placeholder,op080,
job.cron.schedule,job,cron,schedule,
job.email.worker,job,email,worker,
job.queue.add,job,queue,add,
job.queue.process,job,queue,process,
job.retry.wrapper,job,retry,wrapper,
job.scheduler.run,job,scheduler,run,
job.worker.spawn,job,worker,spawn,
keyboard.combo.detect,keyboard,combo,detect,
keyboard.focus.trap,keyboard,focus,trap,
keyboard.navigation.arrow,keyboard,navigation,arrow,
layout.breakpoint.detect,layout,breakpoint,detect,
layout.column.calculate,layout,column,calculate,
layout.container.component,layout,container,component,
layout.container.fluid,layout,container,fluid,
layout.flex.align,layout,flex,align,
layout.flex.justify,layout,flex,justify,
layout.grid.auto,layout,grid,auto,
layout.grid.system,layout,grid,system,
layout.masonry.arrange,layout,masonry,arrange,
layout.responsive.utility,layout,responsive,utility,
layout.scroll.snap,layout,scroll,snap,
layout.spacing.apply,layout,spacing,apply,
layout.sticky.behavior,layout,sticky,behavior,
layout.toggle.view,layout,toggle,view,
lazy.component.load,lazy,component,load,
lazy.image.observe,lazy,image,observe,
lazy.route.import,lazy,route,import,
license.key.validate,license,key,validate,
license.usage.track,license,usage,track,
list.infinite.scroll,list,infinite,scroll,
list.virtual.render,list,virtual,render,
localization.currency.convert,localization,currency,convert,
localization.date.relative,localization,date,relative,
localization.number.format,localization,number,format,
log.aggregation.service,log,aggregation,service,
log.rotation.policy,log,rotation,policy,
log.structured.format,log,structured,format,
logging.error.capture,logging,error,capture,
logging.event.track,logging,event,track,
logging.level.set,logging,level,set,
logging.metric.record,logging,metric,record,
logging.rotate.file,logging,rotate,file,
maintenance.backup.create,maintenance,backup,create,
maintenance.cleanup.temp,maintenance,cleanup,temp,
maintenance.data.cleanup,maintenance,data,cleanup,
maintenance.health.check,maintenance,health,check,
maintenance.index.rebuild,maintenance,index,rebuild,
markdown.editor.toolbar,markdown,editor,toolbar,
markdown.preview.live,markdown,preview,live,
markdown.table.generate,markdown,table,generate,
math.calculate.average,math,calculate,average,
math.calculate.sum,math,calculate,sum,
math.convert.unit,math,convert,unit,
math.placeholder.op001,math,placeholder,op001,
math.placeholder.op002,math,placeholder,op002,
math.placeholder.op003,math,placeholder,op003,
math.placeholder.op004,math,placeholder,op004,
math.placeholder.op005,math,placeholder,op005,
math.placeholder.op006,math,placeholder,op006,
math.placeholder.op007,math,placeholder,op007,
math.placeholder.op008,math,placeholder,op008,
math.placeholder.op009,math,placeholder,op009,
math.placeholder.op010,math,placeholder,op010,
math.placeholder.op011,math,placeholder,op011,
math.placeholder.op012,math,placeholder,op012,
math.placeholder.op013,math,placeholder,op013,
math.placeholder.op014,math,placeholder,op014,
math.placeholder.op015,math,placeholder,op015,
math.placeholder.op016,math,placeholder,op016,
math.placeholder.op017,math,placeholder,op017,
math.placeholder.op018,math,placeholder,op018,
math.placeholder.op019,math,placeholder,op019,
math.placeholder.op020,math,placeholder,op020,
math.placeholder.op021,math,placeholder,op021,
math.placeholder.op022,math,placeholder,op022,
math.placeholder.op023,math,placeholder,op023,
math.placeholder.op024,math,placeholder,op024,
math.placeholder.op025,math,placeholder,op025,
math.placeholder.op026,math,placeholder,op026,
math.placeholder.op027,math,placeholder,op027,
math.placeholder.op028,math,placeholder,op028,
math.placeholder.op029,math,placeholder,op029,
math.placeholder.op030,math,placeholder,op030,
math.placeholder.op031,math,placeholder,op031,
math.placeholder.op032,math,placeholder,op032,
math.placeholder.op033,math,placeholder,op033,
math.placeholder.op034,math,placeholder,op034,
math.placeholder.op035,math,placeholder,op035,
math.placeholder.op036,math,placeholder,op036,
math.placeholder.op037,math,placeholder,op037,
math.placeholder.op038,math,placeholder,op038,
math.placeholder.op039,math,placeholder,op039,
math.placeholder.op040,math,placeholder,op040,
math.placeholder.op041,math,placeholder,op041,
math.placeholder.op042,math,placeholder,op042,
math.placeholder.op043,math,placeholder,op043,
math.placeholder.op044,math,placeholder,op044,
math.placeholder.op045,math,placeholder,op045,
math.placeholder.op046,math,placeholder,op046,
math.placeholder.op047,math,placeholder,op047,
math.placeholder.op048,math,placeholder,op048,
math.placeholder.op049,math,placeholder,op049,
math.placeholder.op050,math,placeholder,op050,
math.placeholder.op051,math,placeholder,op051,
math.placeholder.op052,math,placeholder,op052,
math.placeholder.op053,math,placeholder,op053,
math.placeholder.op054,math,placeholder,op054,
math.placeholder.op055,math,placeholder,op055,
math.placeholder.op056,math,placeholder,op056,
math.placeholder.op057,math,placeholder,op057,
math.placeholder.op058,math,placeholder,op058,
math.placeholder.op059,math,placeholder,op059,
math.placeholder.op060,math,placeholder,op060,
math.placeholder.op061,math,placeholder,op061,
math.placeholder.op062,math,placeholder,op062,
math.placeholder.op063,math,placeholder,op063,
math.placeholder.op064,math,placeholder,op064,
math.placeholder.op065,math,placeholder,op065,
math.placeholder.op066,math,placeholder,op066,
math.placeholder.op067,math,placeholder,op067,
math.placeholder.op068,math,placeholder,op068,
math.placeholder.op069,math,placeholder,op069,
math.placeholder.op070,math,placeholder,op070,
math.placeholder.op071,math,placeholder,op071,
math.placeholder.op072,math,placeholder,op072,
math.placeholder.op073,math,placeholder,op073,
math.placeholder.op074,math,placeholder,op074,
math.placeholder.op075,math,placeholder,op075,
math.placeholder.op076,math,placeholder,op076,
math.placeholder.op077,math,placeholder,op077,
math.placeholder.op078,math,placeholder,op078,
math.placeholder.op079,math,placeholder,op079,
math.placeholder.op080,math,placeholder,op080,
math.placeholder.op081,math,placeholder,op081,
math.placeholder.op082,math,placeholder,op082,
math.placeholder.op083,math,placeholder,op083,
math.placeholder.op084,math,placeholder,op084,
math.placeholder.op085,math,placeholder,op085,
math.placeholder.op086,math,placeholder,op086,
math.placeholder.op087,math,placeholder,op087,
math.placeholder.op088,math,placeholder,op088,
math.placeholder.op089,math,placeholder,op089,
math.placeholder.op090,math,placeholder,op090,
math.placeholder.op091,math,placeholder,op091,
math.placeholder.op092,math,placeholder,op092,
math.placeholder.op093,math,placeholder,op093,
math.placeholder.op094,math,placeholder,op094,
math.placeholder.op095,math,placeholder,op095,
math.placeholder.op096,math,placeholder,op096,
math.placeholder.op097,math,placeholder,op097,
math.placeholder.op098,math,placeholder,op098,
math.placeholder.op099,math,placeholder,op099,
math.placeholder.op100,math,placeholder,op100,
math.placeholder.op101,math,placeholder,op101,
math.placeholder.op102,math,placeholder,op102,
math.placeholder.op103,math,placeholder,op103,
math.placeholder.op104,math,placeholder,op104,
math.placeholder.op105,math,placeholder,op105,
math.placeholder.op106,math,placeholder,op106,
math.placeholder.op107,math,placeholder,op107,
math.placeholder.op108,math,placeholder,op108,
math.placeholder.op109,math,placeholder,op109,
math.placeholder.op110,math,placeholder,op110,
math.placeholder.op111,math,placeholder,op111,
math.placeholder.op112,math,placeholder,op112,
math.placeholder.op113,math,placeholder,op113,
math.placeholder.op114,math,placeholder,op114,
math.placeholder.op115,math,placeholder,op115,
math.placeholder.op116,math,placeholder,op116,
math.placeholder.op117,math,placeholder,op117,
math.placeholder.op118,math,placeholder,op118,
math.placeholder.op119,math,placeholder,op119,
math.placeholder.op120,math,placeholder,op120,
math.placeholder.op121,math,placeholder,op121,
math.placeholder.op122,math,placeholder,op122,
math.placeholder.op123,math,placeholder,op123,
math.placeholder.op124,math,placeholder,op124,
math.placeholder.op125,math,placeholder,op125,
math.placeholder.op126,math,placeholder,op126,
math.placeholder.op127,math,placeholder,op127,
math.placeholder.op128,math,placeholder,op128,
math.placeholder.op129,math,placeholder,op129,
math.placeholder.op130,math,placeholder,op130,
math.placeholder.op131,math,placeholder,op131,
math.placeholder.op132,math,placeholder,op132,
